game_id,date,time,round,meet_seq,home_team,away_team,home_score,away_score,stadium,stadium_full,attendance,game_status,end_yn,broadcast,weekday,referee,weather,temperature,humidity,is_derby,day_of_week,is_weekend,month,season_half,home_rank_before,away_rank_before,home_points_before,away_points_before,home_played_before,away_played_before,rank_difference,home_is_upper_split,away_is_upper_split,home_is_lower_split,away_is_lower_split,home_is_relegation,away_is_relegation,home_relegation_danger,away_relegation_danger,home_is_acl,away_is_acl,home_split_group,away_split_group,home_detailed_group,away_detailed_group,is_cross_split,home_form_points,away_form_points,home_recent_wins,away_recent_wins,form_difference
1,2022-02-19,14:00,1,1,전북,수원FC,1,0,전주 월드컵,전주 월드컵 경기장,7715,FE,Y,skySports,토,고형진,맑음,14.2,52,1,Saturday,1,2,상반기,12,8,0,0,0,0,4,0,0,1,1,1,0,1,0,0,0,하위스플릿,하위스플릿,강등권,중위권,0,0,0,0,0,0
2,2022-02-19,16:30,1,1,대구,서울,0,2,DGB대구은행파크,DGB대구은행파크,8082,FE,Y,skySports,토,김용우,맑음,15.6,43,0,Saturday,1,2,상반기,4,6,0,0,0,0,2,1,1,0,0,0,0,0,0,0,0,상위스플릿,상위스플릿,상위권,상위권,0,0,0,0,0,0
3,2022-02-19,16:30,1,1,인천,수원,1,0,인천 전용,인천 축구 전용경기장,5382,FE,Y,JTBC G&S,토,김대용,맑음,19,45,0,Saturday,1,2,상반기,10,7,0,0,0,0,3,0,0,1,1,0,0,1,0,0,0,하위스플릿,하위스플릿,강등위기,중위권,0,0,0,0,0,0
4,2022-02-20,14:00,1,1,제주,포항,0,3,제주 월드컵,제주 월드컵 경기장,2514,FE,Y,IB SPORTS,일,신용준,맑음,18,50,0,Sunday,1,2,상반기,10,11,0,0,0,0,1,0,0,1,1,0,0,1,1,0,0,하위스플릿,하위스플릿,강등위기,강등위기,0,0,0,0,0,0
5,2022-02-20,14:00,1,1,강원,성남,2,0,강릉 종합,강릉 종합 운동장,1933,FE,Y,skySports,일,정동식,맑음,1,20,0,Sunday,1,2,상반기,5,8,0,0,0,0,3,1,0,0,1,0,0,0,0,0,0,상위스플릿,하위스플릿,상위권,중위권,1,0,0,0,0,0
6,2022-02-20,16:30,1,1,울산,김천,0,0,울산 문수,울산 문수 축구경기장,4673,FE,Y,JTBC G&S,일,김종혁,맑음,2,11,0,Sunday,1,2,상반기,9,6,0,0,0,0,3,0,1,1,0,0,0,0,0,0,0,하위스플릿,상위스플릿,중위권,상위권,1,0,0,0,0,0
7,2022-02-26,14:00,2,1,수원,수원FC,1,0,수원 월드컵,수원 월드컵 경기장,5626,FE,Y,JTBC G&S,토,박병진,흐림,9,62,1,Saturday,1,2,상반기,10,11,0,0,1,1,1,0,0,1,1,0,0,1,1,0,0,하위스플릿,하위스플릿,강등위기,강등위기,0,0,0,0,0,0
8,2022-02-26,14:00,2,1,인천,서울,1,1,인천 전용,인천 축구 전용경기장,4618,FE,Y,skySports,토,김동진,흐림,7,76,1,Saturday,1,2,상반기,4,3,3,3,1,1,1,1,1,0,0,0,0,0,0,0,0,상위스플릿,상위스플릿,상위권,상위권,0,3,3,1,1,0
9,2022-02-26,16:30,2,1,제주,강원,0,0,제주 월드컵,제주 월드컵 경기장,1736,FE,Y,JTBC G&S,토,이동준,맑음,11,51,0,Saturday,1,2,상반기,14,4,0,3,1,1,10,0,1,1,0,0,0,1,0,0,0,하위스플릿,상위스플릿,강등권,상위권,1,0,3,0,1,-3
10,2022-02-26,16:30,2,1,성남,울산,0,2,탄천 종합,탄천 종합 운동장,1633,FE,Y,skySports,토,김영수,흐림,9,53,0,Saturday,1,2,상반기,13,8,0,1,1,1,5,0,0,1,1,0,0,1,0,0,0,하위스플릿,하위스플릿,강등권,중위권,0,0,1,0,0,-1
11,2022-02-27,14:00,2,1,김천,포항,3,2,김천 종합,김천 종합 운동장,2932,FE,Y,IB SPORTS,일,송민석,맑음,9,23,0,Sunday,1,2,상반기,8,5,1,3,1,1,3,0,1,1,0,0,0,0,0,0,0,하위스플릿,상위스플릿,중위권,상위권,1,1,3,0,1,-2
12,2022-02-27,16:30,2,1,대구,전북,1,1,DGB대구은행파크,DGB대구은행파크,5526,FE,Y,JTBC G&S,일,김우성,맑음,12,10,0,Sunday,1,2,상반기,12,7,0,3,1,1,5,0,0,1,1,1,0,1,0,0,0,하위스플릿,하위스플릿,강등권,중위권,0,0,3,0,1,-3
14,2022-03-01,14:00,3,1,수원,제주,0,1,수원 월드컵,수원 월드컵 경기장,4022,FE,Y,IB SPORTS,화,고형진,비,7,85,0,Tuesday,0,3,상반기,8,10,3,1,2,2,2,0,0,1,1,0,0,0,1,0,0,하위스플릿,하위스플릿,중위권,강등위기,0,3,1,1,0,2
13,2022-03-01,14:00,3,1,울산,수원FC,2,1,울산 문수,울산 문수 축구경기장,5260,FE,Y,skySports,화,김용우,흐림,14,55,0,Tuesday,0,3,상반기,3,14,4,0,2,2,11,1,0,0,1,0,0,0,1,0,0,상위스플릿,하위스플릿,상위권,강등권,1,4,0,1,0,4
16,2022-03-01,16:30,3,1,강원,인천,0,1,강릉 종합,강릉 종합 운동장,1559,FE,Y,JTBC G&S,화,김종혁,맑음,14,45,0,Tuesday,0,3,상반기,2,5,4,4,2,2,3,1,1,0,0,0,0,0,0,1,0,상위스플릿,상위스플릿,ACL권,상위권,0,4,4,1,1,0
15,2022-03-01,16:30,3,1,성남,서울,0,0,탄천 종합,탄천 종합 운동장,2393,FE,Y,skySports,화,채상협,맑음,9,76,0,Tuesday,0,3,상반기,14,2,0,4,2,2,12,0,1,1,0,0,0,1,0,0,1,하위스플릿,상위스플릿,강등권,ACL권,1,0,4,0,1,-4
17,2022-03-02,19:00,3,1,전북,포항,0,1,전주 월드컵,전주 월드컵 경기장,2160,FE,Y,JTBC G&S,수,김희곤,맑음,7,37,0,Wednesday,0,3,상반기,6,8,4,3,2,2,2,1,0,0,1,0,0,0,0,0,0,상위스플릿,하위스플릿,상위권,중위권,1,4,3,1,1,1
18,2022-03-02,19:30,3,1,대구,김천,1,0,DGB대구은행파크,DGB대구은행파크,2520,FE,Y,skySports,수,정동식,맑음,10,20,0,Wednesday,0,3,상반기,10,5,1,4,2,2,5,0,1,1,0,0,0,1,0,0,0,하위스플릿,상위스플릿,강등위기,상위권,1,1,4,0,1,-3
19,2022-03-05,14:00,4,1,성남,수원,2,2,탄천 종합,탄천 종합 운동장,2008,FE,Y,JTBC G&S,토,최현재,맑음,4,20,1,Saturday,1,3,상반기,11,10,1,3,3,3,1,0,0,1,1,0,0,1,1,0,0,하위스플릿,하위스플릿,강등위기,강등위기,0,1,3,0,1,-2
20,2022-03-05,16:30,4,1,강원,대구,2,0,강릉 종합,강릉 종합 운동장,1075,FE,Y,IB SPORTS,토,김영수,맑음,9,15,0,Saturday,1,3,상반기,5,9,4,4,3,3,4,1,0,0,1,0,0,0,0,0,0,상위스플릿,하위스플릿,상위권,중위권,1,4,4,1,1,0
21,2022-03-05,19:00,4,1,인천,포항,0,1,인천 전용,인천 축구 전용경기장,3581,FE,Y,skySports,토,신용준,맑음,4,35,0,Saturday,1,3,상반기,3,4,7,6,3,3,1,1,1,0,0,0,0,0,0,0,0,상위스플릿,상위스플릿,상위권,상위권,0,7,6,2,2,1
22,2022-03-06,14:00,4,1,김천,서울,2,0,김천 종합,김천 종합 운동장,1552,FE,Y,JTBC G&S,일,고형진,맑음,6,18,0,Sunday,1,3,상반기,6,5,4,5,3,3,1,1,1,0,0,0,0,0,0,0,0,상위스플릿,상위스플릿,상위권,상위권,0,4,5,1,1,-1
23,2022-03-06,16:30,4,1,전북,울산,0,1,전주 월드컵,전주 월드컵 경기장,8297,FE,Y,JTBC G&S,일,김종혁,맑음,7,27,1,Sunday,1,3,상반기,7,3,4,7,3,3,4,0,1,1,0,0,0,0,0,0,0,하위스플릿,상위스플릿,중위권,상위권,1,4,7,1,2,-3
24,2022-03-06,16:30,4,1,제주,수원FC,0,0,제주 월드컵,제주 월드컵 경기장,3021,FE,Y,skySports,일,김대용,맑음,9,40,0,Sunday,1,3,상반기,9,14,4,0,3,3,5,0,0,1,1,0,0,0,1,0,0,하위스플릿,하위스플릿,중위권,강등권,0,4,0,1,0,4
25,2022-03-11,19:00,5,1,울산,서울,2,1,울산 문수,울산 문수 축구경기장,3452,FE,Y,JTBC G&S,금,김희곤,흐림,18,51,0,Friday,0,3,상반기,1,6,10,5,4,4,5,1,1,0,0,0,0,0,0,1,0,상위스플릿,상위스플릿,ACL권,상위권,0,10,5,3,1,5
26,2022-03-11,19:00,5,1,대구,성남,3,1,DGB대구은행파크,DGB대구은행파크,2580,FE,Y,IB SPORTS,금,송민석,맑음,18,35,0,Friday,0,3,상반기,10,11,4,2,4,4,1,0,0,1,1,0,0,1,1,0,0,하위스플릿,하위스플릿,강등위기,강등위기,0,4,2,1,0,2
27,2022-03-12,14:00,5,1,제주,전북,2,0,제주 월드컵,제주 월드컵 경기장,2619,FE,Y,skySports,토,이동준,맑음,17,75,0,Saturday,1,3,상반기,9,10,5,4,4,4,1,0,0,1,1,0,0,0,1,0,0,하위스플릿,하위스플릿,중위권,강등위기,0,5,4,1,1,1
28,2022-03-12,16:30,5,1,수원,포항,1,1,수원 월드컵,수원 월드컵 경기장,4044,FE,Y,skySports,토,김동진,흐림,19,45,0,Saturday,1,3,상반기,9,2,4,9,4,4,7,0,1,1,0,0,0,0,0,0,1,하위스플릿,상위스플릿,중위권,ACL권,1,4,9,1,3,-5
29,2022-03-13,14:00,5,1,인천,김천,1,0,인천 전용,인천 축구 전용경기장,2607,FE,Y,skySports,일,박병진,흐림,10,97,0,Sunday,1,3,상반기,6,5,7,7,4,4,1,1,1,0,0,0,0,0,0,0,0,상위스플릿,상위스플릿,상위권,상위권,0,7,7,2,2,0
30,2022-03-13,16:30,5,1,강원,수원FC,0,2,강릉 종합,강릉 종합 운동장,1154,FE,Y,JTBC G&S,일,김우성,흐리고 비,7,90,0,Sunday,1,3,상반기,5,12,7,1,4,4,7,1,0,0,1,0,1,0,1,0,0,상위스플릿,하위스플릿,상위권,강등권,1,7,1,2,0,6
31,2022-03-19,14:00,6,1,수원,강원,2,2,수원 월드컵,수원 월드컵 경기장,1989,FE,Y,skySports,토,박병진,비,5,89,0,Saturday,1,3,상반기,9,6,5,7,5,5,3,0,1,1,0,0,0,0,0,0,0,하위스플릿,상위스플릿,중위권,상위권,1,5,7,1,2,-2
32,2022-03-19,16:30,6,1,서울,제주,1,2,서울 월드컵,서울 월드컵 경기장,6276,FE,Y,IB SPORTS,토,김종혁,흐림,4,80,0,Saturday,1,3,상반기,9,5,5,8,5,5,4,0,1,1,0,0,0,0,0,0,0,하위스플릿,상위스플릿,중위권,상위권,1,5,8,1,2,-3
33,2022-03-19,19:00,6,1,전북,김천,1,1,전주 월드컵,전주 월드컵 경기장,2767,FE,Y,JTBC G&S,토,김동진,흐림,6,73,0,Saturday,1,3,상반기,11,6,4,7,5,5,5,0,1,1,0,0,0,1,0,0,0,하위스플릿,상위스플릿,강등위기,상위권,1,4,7,1,2,-3
34,2022-03-20,14:00,6,1,수원FC,대구,4,3,수원 종합,수원 종합 운동장,3129,FE,Y,JTBC G&S,일,이동준,맑음,8,62,0,Sunday,1,3,상반기,11,7,4,7,5,5,4,0,0,1,1,0,0,1,0,0,0,하위스플릿,하위스플릿,강등위기,중위권,0,4,7,1,2,-3
36,2022-03-20,19:00,6,1,성남,인천,0,1,탄천 종합,탄천 종합 운동장,1361,FE,Y,JTBC G&S,일,최현재,맑음,8,39,0,Sunday,1,3,상반기,12,4,2,10,5,5,8,0,1,1,0,1,0,1,0,0,0,하위스플릿,상위스플릿,강등권,상위권,1,2,10,0,3,-8
35,2022-03-27,14:00,6,1,울산,포항,2,0,울산 문수,울산 문수 축구경기장,6552,FE,Y,skySports,일,정동식,맑음,18,20,1,Sunday,1,3,상반기,1,4,13,10,5,5,3,1,1,0,0,0,0,0,0,1,0,상위스플릿,상위스플릿,ACL권,상위권,0,13,10,4,3,3
37,2022-04-02,14:00,7,1,제주,대구,0,0,제주 월드컵,제주 월드컵 경기장,2381,FE,Y,IB SPORTS,토,김영수,맑음,13,55,0,Saturday,1,4,상반기,3,8,11,7,6,6,5,1,0,0,1,0,0,0,0,0,0,상위스플릿,하위스플릿,상위권,중위권,1,11,7,3,2,4
38,2022-04-02,14:00,7,1,인천,울산,1,1,인천 전용,인천 축구 전용경기장,7054,FE,Y,JTBC G&S,토,김용우,맑음,10,39,0,Saturday,1,4,상반기,2,1,13,16,6,6,1,1,1,0,0,0,0,0,0,1,1,상위스플릿,상위스플릿,ACL권,ACL권,0,10,15,3,5,-5
39,2022-04-02,16:30,7,1,김천,수원,1,1,김천 종합,김천 종합 운동장,1676,FE,Y,skySports,토,이동준,맑음,16,20,0,Saturday,1,4,상반기,6,9,8,6,6,6,3,1,0,0,1,0,0,0,0,0,0,상위스플릿,하위스플릿,상위권,중위권,1,7,6,2,1,1
40,2022-04-02,19:00,7,1,강원,전북,1,2,강릉 종합,강릉 종합 운동장,1830,FE,Y,skySports,토,채상협,맑음,13,55,0,Saturday,1,4,상반기,6,11,8,5,6,6,5,1,0,0,1,0,0,0,1,0,0,상위스플릿,하위스플릿,상위권,강등위기,1,5,2,1,0,3
41,2022-04-03,14:00,7,1,수원FC,성남,3,4,수원 종합,수원 종합 운동장,2226,FE,Y,JTBC G&S,일,정동식,맑음,14,36,1,Sunday,1,4,상반기,9,12,7,2,6,6,3,0,0,1,1,0,1,0,1,0,0,하위스플릿,하위스플릿,중위권,강등권,0,7,2,2,0,5
42,2022-04-03,16:30,7,1,포항,서울,1,1,포항 스틸야드,포항 스틸야드,5815,FE,Y,skySports,일,박병진,맑음,0,0,0,Sunday,1,4,상반기,4,11,10,5,6,6,7,1,0,0,1,0,0,0,1,0,0,상위스플릿,하위스플릿,상위권,강등위기,1,7,2,2,0,5
43,2022-04-05,19:00,8,1,수원,전북,0,1,수원 월드컵,수원 월드컵 경기장,3275,FE,Y,JTBC G&S,화,김동진,흐림,14,22,1,Tuesday,0,4,상반기,10,8,7,8,7,7,2,0,0,1,1,0,0,1,0,0,0,하위스플릿,하위스플릿,강등위기,중위권,0,4,4,0,1,0
44,2022-04-05,19:30,8,1,대구,인천,1,2,DGB대구은행파크,DGB대구은행파크,3009,FE,Y,IB SPORTS,화,신용준,맑음,20,11,0,Tuesday,0,4,상반기,8,2,8,14,7,7,6,0,1,1,0,0,0,0,0,0,1,하위스플릿,상위스플릿,중위권,ACL권,1,7,10,2,3,-3
45,2022-04-05,19:30,8,1,제주,울산,1,2,제주 월드컵,제주 월드컵 경기장,2504,FE,Y,skySports,화,이동준,맑음,0,0,0,Tuesday,0,4,상반기,3,1,12,17,7,7,2,1,1,0,0,0,0,0,0,0,1,상위스플릿,상위스플릿,상위권,ACL권,0,11,13,3,4,-2
46,2022-04-06,19:00,8,1,성남,김천,0,3,탄천 종합,탄천 종합 운동장,691,FE,Y,NAVER TV//KAKAO TV//AFREECA TV,수,송민석,맑음,17,25,0,Wednesday,0,4,상반기,12,6,5,9,7,7,6,0,1,1,0,1,0,1,0,0,0,하위스플릿,상위스플릿,강등권,상위권,1,5,5,1,1,0
47,2022-04-06,19:30,8,1,서울,강원,2,2,서울 월드컵,서울 월드컵 경기장,3792,FE,Y,skySports,수,김용우,맑음,14,30,0,Wednesday,0,4,상반기,11,7,6,8,7,7,4,0,0,1,1,0,0,1,0,0,0,하위스플릿,하위스플릿,강등위기,중위권,0,2,4,0,1,-2
48,2022-04-06,19:30,8,1,포항,수원FC,2,0,포항 스틸야드,포항 스틸야드,2792,FE,Y,JTBC G&S,수,최현재,맑음,0,0,0,Wednesday,0,4,상반기,5,9,11,7,7,7,4,1,0,0,1,0,0,0,0,0,0,상위스플릿,하위스플릿,상위권,중위권,1,8,7,2,2,1
49,2022-04-09,14:00,9,1,성남,전북,0,4,탄천 종합,탄천 종합 운동장,2681,FE,Y,skySports,토,김우성,맑음,22,30,0,Saturday,1,4,상반기,12,6,5,11,8,8,6,0,1,1,0,1,0,1,0,0,0,하위스플릿,상위스플릿,강등권,상위권,1,4,7,1,2,-3
50,2022-04-09,16:30,9,1,울산,대구,3,1,울산 문수,울산 문수 축구경기장,6759,FE,Y,JTBC G&S,토,정동식,맑음,26,20,0,Saturday,1,4,상반기,1,8,20,8,8,8,7,1,0,0,1,0,0,0,0,1,0,상위스플릿,하위스플릿,ACL권,중위권,1,13,4,4,1,9
51,2022-04-10,14:00,9,1,강원,포항,1,1,강릉 종합,강릉 종합 운동장,1475,FE,Y,JTBC G&S,일,신용준,맑음,29,10,0,Sunday,1,4,상반기,7,3,9,14,8,8,4,0,1,1,0,0,0,0,0,0,0,하위스플릿,상위스플릿,중위권,상위권,1,5,8,1,2,-3
52,2022-04-10,15:00,9,1,수원FC,김천,3,2,수원 종합,수원 종합 운동장,2091,FE,Y,MBC//skySports,일,채상협,맑음,24,31,0,Sunday,1,4,상반기,11,5,7,12,8,8,6,0,1,1,0,0,0,1,0,0,0,하위스플릿,상위스플릿,강등위기,상위권,1,7,8,2,2,-1
53,2022-04-10,16:30,9,1,인천,제주,2,2,인천 전용,인천 축구 전용경기장,5234,FE,Y,IB SPORTS,일,박병진,맑음,20,39,0,Sunday,1,4,상반기,2,6,17,12,8,8,4,1,1,0,0,0,0,0,0,1,0,상위스플릿,상위스플릿,ACL권,상위권,0,10,8,3,2,2
54,2022-04-10,19:00,9,1,서울,수원,2,0,서울 월드컵,서울 월드컵 경기장,14625,FE,Y,skySports,일,이동준,맑음,23,25,1,Sunday,1,4,상반기,10,11,7,7,8,8,1,0,0,1,1,0,0,1,1,0,0,하위스플릿,하위스플릿,강등위기,강등위기,0,2,4,0,0,-2
55,2022-05-05,14:00,10,1,전북,서울,1,1,전주 월드컵,전주 월드컵 경기장,12024,FE,Y,JTBC G&S,목,김동진,맑음,23,41,1,Thursday,0,5,상반기,6,8,14,10,9,9,2,1,0,0,1,0,0,0,0,0,0,상위스플릿,하위스플릿,상위권,중위권,1,10,5,3,1,5
56,2022-05-05,14:00,10,1,성남,제주,1,2,탄천 종합,탄천 종합 운동장,2073,FE,Y,IB SPORTS,목,안재훈,맑음,24,25,0,Thursday,0,5,상반기,12,6,5,13,9,9,6,0,1,1,0,1,0,1,0,0,0,하위스플릿,상위스플릿,강등권,상위권,1,3,8,1,2,-5
57,2022-05-05,16:30,10,1,수원,울산,1,0,수원 월드컵,수원 월드컵 경기장,11418,FE,Y,skySports,목,고형진,맑음,24.6,32,0,Thursday,0,5,상반기,11,1,7,23,9,9,10,0,1,1,0,0,0,1,0,0,1,하위스플릿,상위스플릿,강등위기,ACL권,1,3,13,0,4,-10
58,2022-05-05,16:30,10,1,포항,대구,1,1,포항 스틸야드,포항 스틸야드,9926,FE,Y,JTBC G&S,목,송민석,맑음,0,0,1,Thursday,0,5,상반기,4,10,15,8,9,9,6,1,0,0,1,0,0,0,1,0,0,상위스플릿,하위스플릿,상위권,강등위기,1,6,4,1,1,2
59,2022-05-05,19:00,10,1,수원FC,인천,2,2,수원 종합,수원 종합 운동장,3794,FE,Y,JTBC G&S,목,김종혁,맑음,23,35,0,Thursday,0,5,상반기,9,2,10,18,9,9,7,0,1,1,0,0,0,0,0,0,1,하위스플릿,상위스플릿,중위권,ACL권,1,9,11,3,3,-2
60,2022-05-05,19:00,10,1,김천,강원,1,0,김천 종합,김천 종합 운동장,1971,FE,Y,skySports,목,김용우,맑음,27,32,0,Thursday,0,5,상반기,6,7,12,10,9,9,1,1,0,0,1,0,0,0,0,0,0,상위스플릿,하위스플릿,상위권,중위권,1,5,3,1,0,2
62,2022-05-08,13:30,11,1,강원,울산,1,3,강릉 종합,강릉 종합 운동장,2207,FE,Y,SBS//skySports,일,김우성,흐림,16.2,17,0,Sunday,1,5,상반기,9,1,10,23,10,10,8,0,1,1,0,0,0,0,0,0,1,하위스플릿,상위스플릿,중위권,ACL권,1,3,10,0,3,-7
61,2022-05-08,14:00,11,1,대구,수원,3,0,DGB대구은행파크,DGB대구은행파크,7075,FE,Y,JTBC G&S,일,박병진,맑음,20,35,0,Sunday,1,5,상반기,11,10,9,10,10,10,1,0,0,1,1,0,0,1,1,0,0,하위스플릿,하위스플릿,강등위기,강등위기,0,2,5,0,1,-3
63,2022-05-08,16:30,11,1,서울,수원FC,3,1,서울 월드컵,서울 월드컵 경기장,12790,FE,Y,skySports,일,이동준,흐림,16.4,36,1,Sunday,1,5,상반기,8,9,11,11,10,10,1,0,0,1,1,0,0,0,0,0,0,하위스플릿,하위스플릿,중위권,중위권,0,6,7,1,2,-1
64,2022-05-08,16:30,11,1,인천,전북,0,1,인천 전용,인천 축구 전용경기장,7597,FE,Y,JTBC G&S,일,정동식,흐림,18,40,0,Sunday,1,5,상반기,2,6,19,15,10,10,4,1,1,0,0,0,0,0,0,1,0,상위스플릿,상위스플릿,ACL권,상위권,0,9,11,2,3,-2
65,2022-05-08,19:00,11,1,제주,김천,3,1,제주 월드컵,제주 월드컵 경기장,2111,FE,Y,skySports,일,김영수,흐림,18,73,0,Sunday,1,5,상반기,5,6,16,15,10,10,1,1,1,0,0,0,0,0,0,0,0,상위스플릿,상위스플릿,상위권,상위권,0,8,8,2,2,0
66,2022-05-08,19:00,11,1,포항,성남,1,0,포항 스틸야드,포항 스틸야드,3142,FE,Y,IB SPORTS,일,김대용,흐림,0,0,0,Sunday,1,5,상반기,5,12,16,5,10,10,7,1,0,0,1,0,1,0,1,0,0,상위스플릿,하위스플릿,상위권,강등권,1,6,3,1,1,3
67,2022-05-14,16:30,12,1,김천,대구,1,1,김천 종합,김천 종합 운동장,1901,FE,Y,IB SPORTS,토,김희곤,맑음,22,30,0,Saturday,1,5,상반기,6,8,15,12,11,11,2,1,0,0,1,0,0,0,0,0,0,상위스플릿,하위스플릿,상위권,중위권,1,7,5,2,1,2
68,2022-05-14,19:00,12,1,울산,인천,2,2,울산 문수,울산 문수 축구경기장,8351,FE,Y,JTBC G&S,토,김종혁,흐림,22,25,0,Saturday,1,5,상반기,1,4,26,19,11,11,3,1,1,0,0,0,0,0,0,1,0,상위스플릿,상위스플릿,ACL권,상위권,0,10,6,3,1,4
69,2022-05-14,19:00,12,1,수원,성남,1,0,수원 월드컵,수원 월드컵 경기장,5564,FE,Y,skySports,토,송민석,맑음,17.9,32,1,Saturday,1,5,상반기,11,12,10,5,11,11,1,0,0,1,1,0,1,1,1,0,0,하위스플릿,하위스플릿,강등위기,강등권,0,4,3,1,1,1
72,2022-05-15,19:00,12,1,서울,포항,1,0,서울 월드컵,서울 월드컵 경기장,8610,FE,Y,JTBC G&S,일,김용우,맑음,18.4,23,0,Sunday,1,5,상반기,7,3,14,19,11,11,4,0,1,1,0,0,0,0,0,0,0,하위스플릿,상위스플릿,중위권,상위권,1,9,9,2,2,0
70,2022-05-15,14:20,12,1,수원FC,제주,1,3,수원 종합,수원 종합 운동장,2785,FE,Y,KBS1//skySports,일,고형진,맑음,20.3,20,0,Sunday,1,5,상반기,11,5,11,19,11,11,6,0,1,1,0,0,0,1,0,0,0,하위스플릿,상위스플릿,강등위기,상위권,1,4,8,1,2,-4
71,2022-05-15,16:30,12,1,전북,강원,1,1,전주 월드컵,전주 월드컵 경기장,6755,FE,Y,JTBC G&S,일,박병진,맑음,20,33,0,Sunday,1,5,상반기,5,11,18,10,11,11,6,1,0,0,1,0,0,0,1,0,0,상위스플릿,하위스플릿,상위권,강등위기,1,13,2,4,0,11
73,2022-05-17,19:00,13,1,수원,김천,2,1,수원 월드컵,수원 월드컵 경기장,2290,FE,Y,JTBC G&S,화,김대용,맑음,24.8,40,0,Tuesday,0,5,상반기,9,7,13,16,12,12,2,0,0,1,1,0,0,0,0,0,0,하위스플릿,하위스플릿,중위권,중위권,0,6,7,2,2,-1
74,2022-05-17,19:30,13,1,인천,대구,2,2,인천 전용,인천 축구 전용경기장,2754,FE,Y,skySports,화,고형진,맑음,19,60,0,Tuesday,0,5,상반기,3,9,20,13,12,12,6,1,0,0,1,0,0,0,0,0,0,상위스플릿,하위스플릿,상위권,중위권,1,6,5,1,1,1
75,2022-05-18,19:00,13,1,울산,제주,1,0,울산 문수,울산 문수 축구경기장,4293,FE,Y,JTBC G&S,수,정동식,맑음,28,25,0,Wednesday,0,5,상반기,1,2,27,22,12,12,1,1,1,0,0,0,0,0,0,1,1,상위스플릿,상위스플릿,ACL권,ACL권,0,10,10,3,3,0
76,2022-05-18,19:00,13,1,포항,전북,0,1,포항 스틸야드,포항 스틸야드,3591,FE,Y,skySports,수,김영수,맑음,0,0,0,Wednesday,0,5,상반기,4,5,19,19,12,12,1,1,1,0,0,0,0,0,0,0,0,상위스플릿,상위스플릿,상위권,상위권,0,8,11,2,3,-3
77,2022-05-18,19:30,13,1,성남,수원FC,2,2,탄천 종합,탄천 종합 운동장,1711,FE,Y,NAVER TV//KAKAO TV//AFREECA TV,수,김동진,맑음,23.4,37,1,Wednesday,0,5,상반기,12,11,5,11,12,12,1,0,0,1,1,1,0,1,1,0,0,하위스플릿,하위스플릿,강등권,강등위기,0,0,4,0,1,-4
78,2022-05-18,19:30,13,1,강원,서울,1,0,강릉 종합,강릉 종합 운동장,1668,FE,Y,IB SPORTS,수,안재훈,맑음,23,45,0,Wednesday,0,5,상반기,11,6,11,17,12,12,5,0,1,1,0,0,0,1,0,0,0,하위스플릿,상위스플릿,강등위기,상위권,1,3,11,0,3,-8
79,2022-05-21,16:30,14,1,서울,성남,0,1,서울 월드컵,서울 월드컵 경기장,9247,FE,Y,JTBC G&S,토,김우성,맑음,26,50,0,Saturday,1,5,상반기,6,12,17,6,13,13,6,1,0,0,1,0,1,0,1,0,0,상위스플릿,하위스플릿,상위권,강등권,1,10,1,3,0,9
80,2022-05-21,18:00,14,1,포항,인천,2,0,포항 스틸야드,포항 스틸야드,4824,FE,Y,IB SPORTS,토,송민석,맑음,27,39,0,Saturday,1,5,상반기,5,4,19,21,13,13,1,1,1,0,0,0,0,0,0,0,0,상위스플릿,상위스플릿,상위권,상위권,0,5,4,1,0,1
81,2022-05-21,19:00,14,1,김천,울산,0,2,김천 종합,김천 종합 운동장,2094,FE,Y,skySports,토,박병진,맑음,27,44,0,Saturday,1,5,상반기,7,1,16,30,13,13,6,0,1,1,0,0,0,0,0,0,1,하위스플릿,상위스플릿,중위권,ACL권,1,4,10,1,3,-6
82,2022-05-22,16:30,14,1,대구,강원,3,0,DGB대구은행파크,DGB대구은행파크,6633,FE,Y,skySports,일,정동식,맑음,32,20,0,Sunday,1,5,상반기,9,10,14,14,13,13,1,0,0,1,1,0,0,0,1,0,0,하위스플릿,하위스플릿,중위권,강등위기,0,6,5,1,1,1
83,2022-05-22,16:30,14,1,제주,수원,0,0,제주 월드컵,제주 월드컵 경기장,4027,FE,Y,JTBC G&S,일,김용우,맑음,24,56,0,Sunday,1,5,상반기,4,9,22,16,13,13,5,1,0,0,1,0,0,0,0,0,0,상위스플릿,하위스플릿,상위권,중위권,1,10,9,3,3,1
84,2022-05-22,19:00,14,1,수원FC,전북,0,1,수원 종합,수원 종합 운동장,4037,FE,Y,JTBC G&S,일,김희곤,맑음,23,60,1,Sunday,1,5,상반기,11,4,12,22,13,13,7,0,1,1,0,0,0,1,0,0,0,하위스플릿,상위스플릿,강등위기,상위권,1,5,11,1,3,-6
85,2022-05-28,16:30,15,1,서울,김천,2,2,서울 월드컵,서울 월드컵 경기장,8211,FE,Y,JTBC G&S,토,정동식,맑음,28,40,0,Saturday,1,5,상반기,7,9,17,16,14,14,2,0,0,1,1,0,0,0,0,0,0,하위스플릿,하위스플릿,중위권,중위권,0,7,4,2,1,3
86,2022-05-28,19:00,15,1,전북,제주,0,2,전주 월드컵,전주 월드컵 경기장,7010,FE,Y,skySports,토,김대용,맑음,29,28,0,Saturday,1,5,상반기,2,3,25,23,14,14,1,1,1,0,0,0,0,0,0,1,0,상위스플릿,상위스플릿,ACL권,상위권,0,11,10,3,3,1
87,2022-05-28,19:00,15,1,수원FC,울산,1,2,수원 종합,수원 종합 운동장,4485,FE,Y,JTBC G&S,토,고형진,맑음,27,33,0,Saturday,1,5,상반기,11,1,12,33,14,14,10,0,1,1,0,0,0,1,0,0,1,하위스플릿,상위스플릿,강등위기,ACL권,1,2,10,0,3,-8
88,2022-05-29,16:30,15,1,인천,성남,1,0,인천 전용,인천 축구 전용경기장,6119,FE,Y,skySports,일,김영수,맑음,23.6,58,0,Sunday,1,5,상반기,5,12,21,9,14,14,7,1,0,0,1,0,1,0,1,0,0,상위스플릿,하위스플릿,상위권,강등권,1,3,4,0,1,-1
89,2022-05-29,19:00,15,1,대구,포항,2,2,DGB대구은행파크,DGB대구은행파크,7040,FE,Y,skySports,일,김용우,맑음,31,15,1,Sunday,1,5,상반기,7,5,17,22,14,14,2,0,1,1,0,0,0,0,0,0,0,하위스플릿,상위스플릿,중위권,상위권,1,9,7,2,2,2
90,2022-05-29,19:00,15,1,강원,수원,1,1,강릉 종합,강릉 종합 운동장,2069,FE,Y,IB SPORTS,일,신용준,맑음,26.9,44,0,Sunday,1,5,상반기,10,9,14,17,14,14,1,0,0,1,1,0,0,1,0,0,0,하위스플릿,하위스플릿,강등위기,중위권,0,4,10,1,3,-6
91,2022-06-17,19:00,16,1,김천,수원FC,0,1,김천 종합,김천 종합 운동장,1331,FE,Y,IB SPORTS,금,이동준,맑음,31.8,48,0,Friday,0,6,상반기,9,11,17,12,15,15,2,0,0,1,1,0,0,0,1,0,0,하위스플릿,하위스플릿,중위권,강등위기,0,2,1,0,0,1
92,2022-06-17,19:30,16,1,포항,강원,3,1,포항 스틸야드,포항 스틸야드,3036,FE,Y,JTBC G&S,금,김영수,맑음,31.7,51,0,Friday,0,6,상반기,5,10,23,15,15,15,5,1,0,0,1,0,0,0,1,0,0,상위스플릿,하위스플릿,상위권,강등위기,1,7,5,2,1,2
93,2022-06-18,18:00,16,1,제주,인천,2,1,제주 월드컵,제주 월드컵 경기장,4155,FE,Y,skySports,토,정동식,맑음,23,82,0,Saturday,1,6,상반기,3,5,26,24,15,15,2,1,1,0,0,0,0,0,0,0,0,상위스플릿,상위스플릿,상위권,상위권,0,10,5,3,1,5
94,2022-06-18,19:30,16,1,성남,대구,1,1,탄천 종합,탄천 종합 운동장,2400,FE,Y,JTBC G&S,토,최현재,흐림,24.1,72,0,Saturday,1,6,상반기,12,6,9,18,15,15,6,0,1,1,0,1,0,1,0,0,0,하위스플릿,상위스플릿,강등권,상위권,1,4,9,1,2,-5
95,2022-06-19,18:00,16,1,울산,전북,1,3,울산 문수,울산 문수 축구경기장,13192,FE,Y,JTBC G&S,일,김종혁,맑음,27.7,64,1,Sunday,1,6,상반기,1,4,36,25,15,15,3,1,1,0,0,0,0,0,0,1,0,상위스플릿,상위스플릿,ACL권,상위권,0,13,10,4,3,3
96,2022-06-19,19:30,16,1,수원,서울,0,1,수원 월드컵,수원 월드컵 경기장,12922,FE,Y,skySports,일,고형진,흐림,25.4,63,1,Sunday,1,6,상반기,8,7,18,18,15,15,1,0,0,1,1,0,0,0,0,0,0,하위스플릿,하위스플릿,중위권,중위권,0,8,7,2,2,1
97,2022-06-21,19:00,17,1,김천,성남,1,1,김천 종합,김천 종합 운동장,389,FE,Y,IB SPORTS,화,김동진,맑음,35,46,0,Tuesday,0,6,상반기,9,12,17,10,16,16,3,0,0,1,1,0,1,0,1,0,0,하위스플릿,하위스플릿,중위권,강등권,0,2,5,0,1,-3
98,2022-06-21,19:30,17,1,대구,제주,1,0,DGB대구은행파크,DGB대구은행파크,4651,FE,Y,JTBC G&S,화,송민석,맑음,32.7,46,0,Tuesday,0,6,상반기,7,2,19,29,16,16,5,0,1,1,0,0,0,0,0,0,1,하위스플릿,상위스플릿,중위권,ACL권,1,7,10,1,3,-3
99,2022-06-21,19:30,17,1,수원FC,포항,2,1,수원 종합,수원 종합 운동장,1798,FE,Y,skySports,화,신용준,맑음,28,50,0,Tuesday,0,6,상반기,10,4,15,26,16,16,6,0,1,1,0,0,0,1,0,0,0,하위스플릿,상위스플릿,강등위기,상위권,1,4,7,1,2,-3
101,2022-06-22,19:30,17,1,서울,울산,1,2,서울 월드컵,서울 월드컵 경기장,8523,FE,Y,JTBC G&S,수,김대용,흐림,28.6,52,0,Wednesday,0,6,상반기,7,1,21,36,16,16,6,0,1,1,0,0,0,0,0,0,1,하위스플릿,상위스플릿,중위권,ACL권,1,7,10,2,3,-3
102,2022-06-22,19:30,17,1,인천,강원,4,1,인천 전용,인천 축구 전용경기장,2509,FE,Y,NAVER TV//KAKAO TV//AFREECA TV,수,김용우,흐림,25,72,0,Wednesday,0,6,상반기,5,11,24,15,16,16,6,1,0,0,1,0,0,0,1,0,0,상위스플릿,하위스플릿,상위권,강등위기,1,5,5,1,1,0
100,2022-06-22,19:00,17,1,전북,수원,2,1,전주 월드컵,전주 월드컵 경기장,4815,FE,Y,skySports,수,박병진,맑음,30,59,1,Wednesday,0,6,상반기,3,9,28,18,16,16,6,1,0,0,1,0,0,0,0,0,0,상위스플릿,하위스플릿,상위권,중위권,1,10,8,3,2,2
103,2022-06-25,18:00,18,1,전북,대구,1,1,전주 월드컵,전주 월드컵 경기장,5920,FE,Y,JTBC G&S,토,안재훈,맑음,31,62,0,Saturday,1,6,상반기,2,6,31,22,17,17,4,1,1,0,0,0,0,0,0,1,0,상위스플릿,상위스플릿,ACL권,상위권,0,12,9,4,2,3
104,2022-06-25,19:00,18,1,수원FC,수원,3,0,수원 종합,수원 종합 운동장,6090,FE,Y,skySports,토,김종혁,맑음,29.7,53,1,Saturday,1,6,상반기,9,10,18,18,17,17,1,0,0,1,1,0,0,0,1,0,0,하위스플릿,하위스플릿,중위권,강등위기,0,7,5,2,1,2
105,2022-06-25,20:00,18,1,서울,인천,1,1,서울 월드컵,서울 월드컵 경기장,10787,FE,Y,JTBC G&S,토,김희곤,흐림,27.5,75,1,Saturday,1,6,상반기,7,4,21,27,17,17,3,0,1,1,0,0,0,0,0,0,0,하위스플릿,상위스플릿,중위권,상위권,1,4,7,1,2,-3
106,2022-06-26,18:00,18,1,울산,성남,0,0,울산 문수,울산 문수 축구경기장,5483,FE,Y,skySports,일,김우성,맑음,29,68,0,Sunday,1,6,상반기,1,12,39,11,17,17,11,1,0,0,1,0,1,0,1,1,0,상위스플릿,하위스플릿,ACL권,강등권,1,12,6,4,1,6
107,2022-06-26,19:00,18,1,포항,김천,1,1,포항 스틸야드,포항 스틸야드,2966,FE,Y,JTBC G&S,일,정동식,맑음,31,59,0,Sunday,1,6,상반기,5,9,26,18,17,17,4,1,0,0,1,0,0,0,0,0,0,상위스플릿,하위스플릿,상위권,중위권,1,7,2,2,0,5
108,2022-06-26,19:30,18,1,강원,제주,4,2,강릉 종합,강릉 종합 운동장,1454,FE,Y,IB SPORTS,일,김영수,흐림,32.3,55,0,Sunday,1,6,상반기,11,3,15,29,17,17,8,0,1,1,0,0,0,1,0,0,0,하위스플릿,상위스플릿,강등위기,상위권,1,4,7,1,2,-3
110,2022-07-02,19:00,19,1,포항,울산,2,0,포항 스틸야드,포항 스틸야드,7279,FE,Y,skySports,토,박병진,맑음,33,53,1,Saturday,1,7,하반기,5,1,27,40,18,18,4,1,1,0,0,0,0,0,0,0,1,상위스플릿,상위스플릿,상위권,ACL권,0,8,10,2,3,-2
111,2022-07-02,19:00,19,1,김천,전북,1,2,김천 종합,김천 종합 운동장,2030,FE,Y,JTBC G&S,토,김대용,맑음,35.6,44,0,Saturday,1,7,하반기,9,2,19,32,18,18,7,0,1,1,0,0,0,0,0,0,1,하위스플릿,상위스플릿,중위권,ACL권,1,3,10,0,3,-7
109,2022-07-02,18:00,19,1,제주,서울,2,2,제주 월드컵,제주 월드컵 경기장,4019,FE,Y,NAVER TV//KAKAO TV//AFREECA TV,토,김용우,맑음,28,70,0,Saturday,1,7,하반기,3,7,29,22,18,18,4,1,0,0,1,0,0,0,0,0,0,상위스플릿,하위스플릿,상위권,중위권,1,7,5,2,1,2
112,2022-07-02,20:00,19,1,성남,강원,0,2,탄천 종합,탄천 종합 운동장,1950,FE,Y,IB SPORTS,토,김종혁,맑음,29,61,0,Saturday,1,7,하반기,12,10,12,18,18,18,2,0,0,1,1,1,0,1,1,0,0,하위스플릿,하위스플릿,강등권,강등위기,0,6,4,1,1,2
113,2022-07-03,19:00,19,1,대구,수원FC,0,0,DGB대구은행파크,DGB대구은행파크,7325,FE,Y,JTBC G&S,일,김영수,흐림,27,85,0,Sunday,1,7,하반기,6,8,23,21,18,18,2,1,0,0,1,0,0,0,0,0,0,상위스플릿,하위스플릿,상위권,중위권,1,9,9,2,3,0
114,2022-07-03,19:30,19,1,수원,인천,0,0,수원 월드컵,수원 월드컵 경기장,4325,FE,Y,skySports,일,송민석,맑음,32.5,40,0,Sunday,1,7,하반기,11,5,18,28,18,18,6,0,1,1,0,0,0,1,0,0,0,하위스플릿,상위스플릿,강등위기,상위권,1,2,7,0,2,-5
115,2022-07-05,19:00,20,1,성남,포항,1,4,탄천 종합,탄천 종합 운동장,804,FE,Y,JTBC G&S,화,최현재,맑음,31,66,0,Tuesday,0,7,하반기,12,3,12,30,19,19,9,0,1,1,0,1,0,1,0,0,0,하위스플릿,상위스플릿,강등권,상위권,1,3,8,0,2,-5
116,2022-07-05,19:00,20,1,김천,제주,4,0,김천 종합,김천 종합 운동장,557,FE,Y,NAVER TV//KAKAO TV//AFREECA TV,화,정동식,맑음,32.5,65,0,Tuesday,0,7,하반기,10,4,19,30,19,19,6,0,1,1,0,0,0,1,0,0,0,하위스플릿,상위스플릿,강등위기,상위권,1,3,7,0,2,-4
117,2022-07-05,19:30,20,1,울산,강원,2,1,울산 문수,울산 문수 축구경기장,3344,FE,Y,skySports,화,김동진,맑음,27,79,0,Tuesday,0,7,하반기,1,9,40,21,19,19,8,1,0,0,1,0,0,0,0,1,0,상위스플릿,하위스플릿,ACL권,중위권,1,7,7,2,2,0
118,2022-07-06,19:00,20,1,수원,대구,1,1,수원 월드컵,수원 월드컵 경기장,2231,FE,Y,skySports,수,이동준,맑음,34,54,0,Wednesday,0,7,하반기,11,6,19,24,19,19,5,0,1,1,0,0,0,1,0,0,0,하위스플릿,상위스플릿,강등위기,상위권,1,2,7,0,1,-5
119,2022-07-06,19:00,20,1,인천,수원FC,0,1,인천 전용,인천 축구 전용경기장,3647,FE,Y,IB SPORTS,수,고형진,맑음,33,56,0,Wednesday,0,7,하반기,5,9,29,22,19,19,4,1,0,0,1,0,0,0,0,0,0,상위스플릿,하위스플릿,상위권,중위권,1,8,10,2,3,-2
120,2022-07-06,19:30,20,1,서울,전북,0,1,서울 월드컵,서울 월드컵 경기장,8537,FE,Y,JTBC G&S,수,박병진,맑음,31.4,65,1,Wednesday,0,7,하반기,8,2,23,35,19,19,6,0,1,1,0,0,0,0,0,0,1,하위스플릿,상위스플릿,중위권,ACL권,1,6,10,1,3,-4
121,2022-07-08,19:30,21,1,제주,성남,3,2,제주 월드컵,제주 월드컵 경기장,3002,FE,Y,IB SPORTS,금,김희곤,맑음,28,86,0,Friday,0,7,하반기,4,12,30,12,20,20,8,1,0,0,1,0,1,0,1,0,0,상위스플릿,하위스플릿,상위권,강등권,1,4,3,1,0,1
122,2022-07-08,19:30,21,1,강원,김천,3,2,춘천 송암,춘천 송암 스포츠타운,1633,FE,Y,skySports,금,채상협,흐림,26.9,80,0,Friday,0,7,하반기,10,9,21,22,20,20,1,0,0,1,1,0,0,1,0,0,0,하위스플릿,하위스플릿,강등위기,중위권,0,6,5,2,1,1
123,2022-07-09,19:00,21,1,전북,인천,2,2,전주 월드컵,전주 월드컵 경기장,6666,FE,Y,JTBC G&S,토,김종혁,맑음,30,70,0,Saturday,1,7,하반기,2,5,38,29,20,20,3,1,1,0,0,0,0,0,0,1,0,상위스플릿,상위스플릿,ACL권,상위권,0,13,5,4,1,8
124,2022-07-09,20:00,21,1,대구,울산,1,1,DGB대구은행파크,DGB대구은행파크,9509,FE,Y,skySports,토,신용준,맑음,32.1,54,0,Saturday,1,7,하반기,6,1,25,43,20,20,5,1,1,0,0,0,0,0,0,0,1,상위스플릿,상위스플릿,상위권,ACL권,0,7,7,1,2,0
125,2022-07-10,19:00,21,1,수원FC,서울,4,3,수원 종합,수원 종합 운동장,4783,FE,Y,JTBC G&S,일,김용우,흐림,33,60,1,Sunday,1,7,하반기,7,9,25,23,20,20,2,0,0,1,1,0,0,0,0,0,0,하위스플릿,하위스플릿,중위권,중위권,0,13,5,4,1,8
126,2022-07-10,19:00,21,1,포항,수원,1,0,포항 스틸야드,포항 스틸야드,4608,FE,Y,skySports,일,김우성,흐림,27,87,0,Sunday,1,7,하반기,3,11,33,20,20,20,8,1,0,0,1,0,0,0,1,0,0,상위스플릿,하위스플릿,상위권,강등위기,1,10,2,3,0,8
127,2022-07-16,18:00,22,1,전북,성남,3,2,전주 월드컵,전주 월드컵 경기장,4601,FE,Y,skySports,토,김영수,맑음,30,59,0,Saturday,1,7,하반기,2,12,39,12,21,21,10,1,0,0,1,0,1,0,1,1,0,상위스플릿,하위스플릿,ACL권,강등권,1,11,2,3,0,9
128,2022-07-16,18:00,22,1,울산,수원,2,1,울산 문수,울산 문수 축구경기장,6202,FE,Y,JTBC G&S,토,정동식,맑음,26.5,85,0,Saturday,1,7,하반기,1,11,44,20,21,21,10,1,0,0,1,0,0,0,1,1,0,상위스플릿,하위스플릿,ACL권,강등위기,1,8,2,2,0,6
129,2022-07-16,18:00,22,1,김천,인천,0,1,김천 종합,김천 종합 운동장,1096,FE,Y,NAVER TV//KAKAO TV//AFREECA TV,토,박병진,맑음,28.7,60,0,Saturday,1,7,하반기,10,5,22,30,21,21,5,0,1,1,0,0,0,1,0,0,0,하위스플릿,상위스플릿,강등위기,상위권,1,5,6,1,1,-1
130,2022-07-16,19:00,22,1,수원FC,강원,2,4,수원 종합,수원 종합 운동장,2939,FE,Y,IB SPORTS,토,송민석,맑음,27.5,71,0,Saturday,1,7,하반기,6,9,28,24,21,21,3,1,0,0,1,0,0,0,0,0,0,상위스플릿,하위스플릿,상위권,중위권,1,13,9,4,3,4
131,2022-07-16,20:00,22,1,서울,대구,2,1,서울 월드컵,서울 월드컵 경기장,8846,FE,Y,skySports,토,김대용,흐림,22.8,95,0,Saturday,1,7,하반기,9,7,23,26,21,21,2,0,0,1,1,0,0,0,0,0,0,하위스플릿,하위스플릿,중위권,중위권,0,2,7,0,1,-5
132,2022-07-16,20:00,22,1,포항,제주,1,1,포항 스틸야드,포항 스틸야드,4281,FE,Y,JTBC G&S,토,이동준,비,28,68,0,Saturday,1,7,하반기,3,4,36,33,21,21,1,1,1,0,0,0,0,0,0,0,0,상위스플릿,상위스플릿,상위권,상위권,0,10,4,3,1,6
145,2022-07-30,19:00,25,1,전북,제주,1,0,전주 월드컵,전주 월드컵 경기장,5138,FE,Y,skySports,토,김동진,흐림,29.4,30,0,Saturday,1,7,하반기,2,4,42,34,22,22,2,1,1,0,0,0,0,0,0,1,0,상위스플릿,상위스플릿,ACL권,상위권,0,11,5,3,1,6
146,2022-07-30,19:00,25,1,울산,강원,2,1,울산 문수,울산 문수 축구경기장,6952,FE,Y,JTBC G&S,토,김용우,흐림,28,78,0,Saturday,1,7,하반기,1,7,47,27,22,22,6,1,0,0,1,0,0,0,0,1,0,상위스플릿,하위스플릿,ACL권,중위권,1,8,12,2,4,-4
147,2022-07-30,19:00,25,1,수원,김천,0,0,수원 월드컵,수원 월드컵 경기장,4072,FE,Y,NAVER TV//KAKAO TV//AFREECA TV,토,최현재,흐림,33.4,56,0,Saturday,1,7,하반기,11,10,20,22,22,22,1,0,0,1,1,0,0,1,1,0,0,하위스플릿,하위스플릿,강등위기,강등위기,0,2,4,0,1,-2
148,2022-07-30,19:30,25,1,포항,서울,1,2,포항 스틸야드,포항 스틸야드,6355,FE,Y,IB SPORTS,토,김희곤,흐림,27,92,0,Saturday,1,7,하반기,3,9,37,26,22,22,6,1,0,0,1,0,0,0,0,0,0,상위스플릿,하위스플릿,상위권,중위권,1,11,5,3,1,6
149,2022-07-30,20:00,25,1,성남,인천,3,1,탄천 종합,탄천 종합 운동장,1861,FE,Y,NAVER TV//KAKAO TV//AFREECA TV,토,신용준,흐림,31.2,55,0,Saturday,1,7,하반기,12,5,12,33,22,22,7,0,1,1,0,1,0,1,0,0,0,하위스플릿,상위스플릿,강등권,상위권,1,1,6,0,1,-5
150,2022-07-31,19:30,25,1,수원FC,대구,2,2,수원 종합,수원 종합 운동장,2201,FE,Y,skySports,일,김종혁,비,27,93,0,Sunday,1,7,하반기,7,9,28,26,22,22,2,0,0,1,1,0,0,0,0,0,0,하위스플릿,하위스플릿,중위권,중위권,0,10,4,3,0,6
151,2022-08-02,19:00,26,1,김천,포항,0,1,김천 종합,김천 종합 운동장,1081,FE,Y,skySports,화,김우성,흐림,32.5,64,0,Tuesday,0,8,하반기,10,3,23,37,23,23,7,0,1,1,0,0,0,1,0,0,0,하위스플릿,상위스플릿,강등위기,상위권,1,4,10,1,3,-6
152,2022-08-02,19:30,26,1,제주,성남,1,2,제주 월드컵,제주 월드컵 경기장,2738,FE,Y,NAVER TV//KAKAO TV//AFREECA TV,화,송민석,흐림,0,0,0,Tuesday,0,8,하반기,4,12,34,15,23,23,8,1,0,0,1,0,1,0,1,0,0,상위스플릿,하위스플릿,상위권,강등권,1,5,3,1,1,2
153,2022-08-02,20:00,26,1,울산,서울,1,1,울산 문수,울산 문수 축구경기장,6682,FE,Y,JTBC G&S,화,박병진,흐림,29,82,0,Tuesday,0,8,하반기,1,6,50,29,23,23,5,1,1,0,0,0,0,0,0,1,0,상위스플릿,상위스플릿,ACL권,상위권,0,10,7,3,2,3
156,2022-08-03,19:30,26,1,강원,전북,2,1,춘천 송암,춘천 송암 스포츠타운,2709,FE,Y,skySports,수,안재훈,흐림,28.7,85,0,Wednesday,0,8,하반기,9,2,27,45,23,23,7,0,1,1,0,0,0,0,0,0,1,하위스플릿,상위스플릿,중위권,ACL권,1,9,13,3,4,-4
154,2022-08-03,19:00,26,1,인천,수원FC,1,1,인천 전용,인천 축구 전용경기장,3731,FE,Y,JTBC G&S,수,김대용,흐림,28,90,0,Wednesday,0,8,하반기,5,8,33,29,23,23,3,1,0,0,1,0,0,0,0,0,0,상위스플릿,하위스플릿,상위권,중위권,1,5,8,1,2,-3
155,2022-08-03,19:30,26,1,대구,수원,1,2,DGB대구은행파크,DGB대구은행파크,8551,FE,Y,IB SPORTS,수,김영수,흐림,33.7,55,0,Wednesday,0,8,하반기,8,11,27,21,23,23,3,0,0,1,1,0,0,0,1,0,0,하위스플릿,하위스플릿,중위권,강등위기,0,4,3,0,0,1
157,2022-08-05,19:00,27,1,성남,김천,1,4,탄천 종합,탄천 종합 운동장,1179,FE,Y,IB SPORTS,금,채상협,맑음,30.9,66,0,Friday,0,8,하반기,12,11,18,23,24,24,1,0,0,1,1,1,0,1,1,0,0,하위스플릿,하위스플릿,강등권,강등위기,0,6,4,2,1,2
158,2022-08-05,19:30,27,1,서울,제주,0,2,서울 월드컵,서울 월드컵 경기장,7583,FE,Y,skySports,금,김대용,맑음,29.5,69,0,Friday,0,8,하반기,6,5,30,34,24,24,1,1,1,0,0,0,0,0,0,0,0,상위스플릿,상위스플릿,상위권,상위권,0,7,4,2,1,3
159,2022-08-06,19:00,27,1,포항,강원,2,1,포항 스틸야드,포항 스틸야드,4380,FE,Y,skySports,토,김종혁,맑음,34,59,0,Saturday,1,8,하반기,3,8,40,30,24,24,5,1,0,0,1,0,0,0,0,0,0,상위스플릿,하위스플릿,상위권,중위권,1,10,9,3,3,1
160,2022-08-06,19:30,27,1,수원FC,수원,4,2,수원 종합,수원 종합 운동장,6022,FE,Y,JTBC G&S,토,신용준,흐림,30.8,83,1,Saturday,1,8,하반기,7,11,30,24,24,24,4,0,0,1,1,0,0,0,1,0,0,하위스플릿,하위스플릿,중위권,강등위기,0,8,5,2,1,3
161,2022-08-07,19:00,27,1,전북,울산,1,1,전주 월드컵,전주 월드컵 경기장,11480,FE,Y,skySports,일,정동식,흐림,27,85,1,Sunday,1,8,하반기,2,1,45,51,24,24,1,1,1,0,0,0,0,0,0,1,1,상위스플릿,상위스플릿,ACL권,ACL권,0,10,11,3,3,-1
162,2022-08-07,19:30,27,1,대구,인천,2,3,DGB대구은행파크,DGB대구은행파크,6336,FE,Y,JTBC G&S,일,최현재,흐림,34.2,55,0,Sunday,1,8,하반기,9,5,27,34,24,24,4,0,1,1,0,0,0,0,0,0,0,하위스플릿,상위스플릿,중위권,상위권,1,3,5,0,1,-2
140,2022-08-10,19:00,24,1,수원FC,전북,0,1,수원 종합,수원 종합 운동장,1886,FE,Y,JTBC G&S,수,고형진,비,23,100,1,Wednesday,0,8,하반기,6,2,33,46,25,25,4,1,1,0,0,0,0,0,0,0,1,상위스플릿,상위스플릿,상위권,ACL권,0,8,8,2,2,0
141,2022-08-10,19:30,24,1,강원,대구,1,0,춘천 송암,춘천 송암 스포츠타운,1708,FE,Y,IB SPORTS,수,박병진,흐림,29.3,64,0,Wednesday,0,8,하반기,8,9,30,27,25,25,1,0,0,1,1,0,0,0,0,0,0,하위스플릿,하위스플릿,중위권,중위권,0,9,2,3,0,7
163,2022-08-13,18:00,28,1,울산,대구,4,0,울산 문수,울산 문수 축구경기장,9585,FE,Y,JTBC G&S,토,이동준,흐리고 비,27,93,0,Saturday,1,8,하반기,1,9,52,27,25,26,8,1,0,0,1,0,0,0,0,1,0,상위스플릿,하위스플릿,ACL권,중위권,1,9,1,2,0,8
164,2022-08-13,19:30,28,1,인천,전북,3,1,인천 전용,인천 축구 전용경기장,6339,FE,Y,skySports,토,김동진,흐림,26,87,0,Saturday,1,8,하반기,4,2,37,49,25,26,2,1,1,0,0,0,0,0,0,0,1,상위스플릿,상위스플릿,상위권,ACL권,0,8,10,2,3,-2
165,2022-08-14,19:00,28,1,제주,포항,5,0,제주 월드컵,제주 월드컵 경기장,4038,FE,Y,skySports,일,신용준,맑음,30,73,0,Sunday,1,8,하반기,5,3,37,43,25,25,2,1,1,0,0,0,0,0,0,0,0,상위스플릿,상위스플릿,상위권,상위권,0,7,10,2,3,-3
166,2022-08-14,19:30,28,1,수원,성남,4,1,수원 월드컵,수원 월드컵 경기장,4496,FE,Y,JTBC G&S,일,송민석,흐림,26.6,97,1,Sunday,1,8,하반기,11,12,24,18,25,25,1,0,0,1,1,0,1,1,1,0,0,하위스플릿,하위스플릿,강등위기,강등권,0,4,6,1,2,-2
167,2022-08-15,18:00,28,1,강원,수원FC,2,3,춘천 송암,춘천 송암 스포츠타운,3183,FE,Y,JTBC G&S,월,정동식,흐리고 비,30,75,0,Monday,0,8,하반기,8,7,33,33,26,26,1,0,0,1,1,0,0,0,0,0,0,하위스플릿,하위스플릿,중위권,중위권,0,9,5,3,1,4
168,2022-08-15,19:00,28,1,김천,서울,1,2,김천 종합,김천 종합 운동장,2037,FE,Y,IB SPORTS,월,김우성,흐림,30.5,68,0,Monday,0,8,하반기,11,8,26,30,25,25,3,0,0,1,1,0,0,1,0,0,0,하위스플릿,하위스플릿,강등위기,중위권,0,4,7,1,2,-3
144,2022-08-20,18:00,24,1,포항,인천,1,1,포항 스틸야드,포항 스틸야드,3479,FE,Y,JTBC G&S,토,고형진,비,24,98,0,Saturday,1,8,하반기,3,5,43,40,26,26,2,1,1,0,0,0,0,0,0,0,0,상위스플릿,상위스플릿,상위권,상위권,0,7,10,2,3,-3
139,2022-08-20,20:00,24,1,제주,수원,1,2,제주 월드컵,제주 월드컵 경기장,3521,FE,Y,skySports,토,김종혁,맑음,28,84,0,Saturday,1,8,하반기,5,10,40,27,26,26,5,1,0,0,1,0,0,0,1,0,0,상위스플릿,하위스플릿,상위권,강등위기,1,7,7,2,2,0
143,2022-08-21,18:00,24,1,서울,성남,2,0,서울 월드컵,서울 월드컵 경기장,7755,FE,Y,JTBC G&S,일,김용우,맑음,31,64,0,Sunday,1,8,하반기,7,12,33,18,26,26,5,0,0,1,1,0,1,0,1,0,0,하위스플릿,하위스플릿,중위권,강등권,0,10,6,3,2,4
142,2022-08-21,19:00,24,1,김천,울산,1,2,김천 종합,김천 종합 운동장,1757,FE,Y,skySports,일,김대용,맑음,31.4,60,0,Sunday,1,8,하반기,11,1,26,55,26,26,10,0,1,1,0,0,0,1,0,0,1,하위스플릿,상위스플릿,강등위기,ACL권,1,4,11,1,3,-7
133,2022-08-27,18:00,23,1,수원,강원,2,3,수원 월드컵,수원 월드컵 경기장,6312,FE,Y,NAVER TV//KAKAO TV//AFREECA TV,토,신용준,맑음,24.7,43,0,Saturday,1,8,하반기,9,8,30,33,27,27,1,0,0,1,1,0,0,0,0,0,0,하위스플릿,하위스플릿,중위권,중위권,0,10,6,3,2,4
135,2022-08-27,19:00,23,1,제주,울산,1,1,제주 월드컵,제주 월드컵 경기장,5103,FE,Y,skySports,토,김동진,맑음,27,58,0,Saturday,1,8,하반기,5,1,40,58,27,27,4,1,1,0,0,0,0,0,0,0,1,상위스플릿,상위스플릿,상위권,ACL권,0,6,11,2,3,-5
138,2022-08-27,20:00,23,1,인천,서울,2,0,인천 전용,인천 축구 전용경기장,10139,FE,Y,JTBC G&S,토,송민석,맑음,23.7,47,1,Saturday,1,8,하반기,5,6,41,36,27,27,1,1,1,0,0,0,0,0,0,0,0,상위스플릿,상위스플릿,상위권,상위권,0,8,10,2,3,-2
134,2022-08-28,19:00,23,1,대구,김천,0,0,DGB대구은행파크,DGB대구은행파크,6303,FE,Y,IB SPORTS,일,박병진,맑음,25.9,41,0,Sunday,1,8,하반기,10,11,27,26,27,27,1,0,0,1,1,0,0,1,1,0,0,하위스플릿,하위스플릿,강등위기,강등위기,0,1,4,0,1,-3
137,2022-08-28,19:00,23,1,성남,수원FC,2,1,탄천 종합,탄천 종합 운동장,2329,FE,Y,JTBC G&S,일,최현재,맑음,25.2,42,1,Sunday,1,8,하반기,12,7,18,36,27,27,5,0,0,1,1,1,0,1,0,0,0,하위스플릿,하위스플릿,강등권,중위권,0,6,8,2,2,-2
136,2022-08-29,19:00,23,1,전북,포항,2,2,전주 월드컵,전주 월드컵 경기장,3333,FE,Y,skySports,월,이동준,흐리고 비,23,81,0,Monday,0,8,하반기,2,3,49,44,27,27,1,1,1,0,0,0,0,0,0,1,0,상위스플릿,상위스플릿,ACL권,상위권,0,7,7,2,2,0
169,2022-09-02,19:00,29,1,수원FC,제주,2,2,수원 종합,수원 종합 운동장,1798,FE,Y,skySports,금,김용우,맑음,29,49,0,Friday,0,9,하반기,7,5,36,41,28,28,2,0,1,1,0,0,0,0,0,0,0,하위스플릿,상위스플릿,중위권,상위권,1,7,7,2,2,0
170,2022-09-02,19:30,29,1,인천,강원,0,1,인천 전용,인천 축구 전용경기장,4372,FE,Y,IB SPORTS,금,채상협,맑음,28.3,46,0,Friday,0,9,하반기,4,8,44,36,28,28,4,1,0,0,1,0,0,0,0,0,0,상위스플릿,하위스플릿,상위권,중위권,1,11,9,3,3,2
171,2022-09-03,16:30,29,1,포항,대구,4,1,포항 스틸야드,포항 스틸야드,4051,FE,Y,JTBC G&S,토,고형진,비,22,96,1,Saturday,1,9,하반기,3,10,45,28,28,28,7,1,0,0,1,0,0,0,1,0,0,상위스플릿,하위스플릿,상위권,강등위기,1,8,1,2,0,7
172,2022-09-03,19:00,29,1,김천,전북,2,2,김천 종합,김천 종합 운동장,1273,FE,Y,skySports,토,김종혁,흐리고 비,21.5,96,0,Saturday,1,9,하반기,11,2,27,50,28,28,9,0,1,1,0,0,0,1,0,0,1,하위스플릿,상위스플릿,강등위기,ACL권,1,4,5,1,1,-1
173,2022-09-04,16:30,29,1,서울,수원,1,3,서울 월드컵,서울 월드컵 경기장,16333,FE,Y,skySports,일,정동식,흐림,21.5,96,1,Sunday,1,9,하반기,8,9,36,30,28,28,1,0,0,1,1,0,0,0,0,0,0,하위스플릿,하위스플릿,중위권,중위권,0,7,9,2,3,-2
174,2022-09-04,19:00,29,1,성남,울산,2,0,탄천 종합,탄천 종합 운동장,2355,FE,Y,JTBC G&S,일,이동준,비,24.1,83,0,Sunday,1,9,하반기,12,1,21,59,28,28,11,0,1,1,0,1,0,1,0,0,1,하위스플릿,상위스플릿,강등권,ACL권,1,6,9,2,2,-3
175,2022-09-06,19:00,30,1,제주,인천,0,1,제주 월드컵,제주 월드컵 경기장,1688,FE,Y,IB SPORTS,화,고형진,맑음,25.5,49,0,Tuesday,0,9,하반기,5,4,42,44,29,29,1,1,1,0,0,0,0,0,0,0,0,상위스플릿,상위스플릿,상위권,상위권,0,8,10,2,3,-2
176,2022-09-06,19:30,30,1,강원,김천,0,1,춘천 송암,춘천 송암 스포츠타운,1788,FE,Y,JTBC G&S,화,최현재,맑음,25.3,48,0,Tuesday,0,9,하반기,6,10,39,28,29,29,4,1,0,0,1,0,0,0,1,0,0,상위스플릿,하위스플릿,상위권,강등위기,1,9,5,3,1,4
177,2022-09-06,19:30,30,1,수원FC,포항,1,0,수원 종합,수원 종합 운동장,1894,FE,Y,skySports,화,김종혁,맑음,25,67,0,Tuesday,0,9,하반기,7,3,37,48,29,29,4,0,1,1,0,0,0,0,0,0,0,하위스플릿,상위스플릿,중위권,상위권,1,7,8,2,2,-1
178,2022-09-07,19:00,30,1,전북,서울,0,0,전주 월드컵,전주 월드컵 경기장,4121,FE,Y,JTBC G&S,수,김동진,맑음,28,36,1,Wednesday,0,9,하반기,2,8,51,36,29,29,6,1,0,0,1,0,0,0,0,1,0,상위스플릿,하위스플릿,ACL권,중위권,1,6,6,1,2,0
179,2022-09-07,19:30,30,1,울산,수원,1,0,울산 문수,울산 문수 축구경기장,4960,FE,Y,skySports,수,송민석,맑음,26,50,0,Wednesday,0,9,하반기,1,9,59,33,29,29,8,1,0,0,1,0,0,0,0,1,0,상위스플릿,하위스플릿,ACL권,중위권,1,8,9,2,3,-1
180,2022-09-07,19:30,30,1,대구,성남,1,0,DGB대구은행파크,DGB대구은행파크,4322,FE,Y,NAVER TV//KAKAO TV//AFREECA TV,수,정동식,맑음,27.3,34,0,Wednesday,0,9,하반기,11,12,28,24,29,29,1,0,0,1,1,0,1,1,1,0,0,하위스플릿,하위스플릿,강등위기,강등권,0,1,6,0,2,-5
181,2022-09-10,14:00,31,1,대구,전북,0,5,DGB대구은행파크,DGB대구은행파크,5215,FE,Y,JTBC G&S,토,이동준,흐림,23.5,60,0,Saturday,1,9,하반기,11,2,31,52,30,30,9,0,1,1,0,0,0,1,0,0,1,하위스플릿,상위스플릿,강등위기,ACL권,1,4,6,1,1,-2
182,2022-09-10,14:00,31,1,김천,제주,1,2,김천 종합,김천 종합 운동장,848,FE,Y,IB SPORTS,토,안재훈,흐림,24.1,63,0,Saturday,1,9,하반기,10,5,31,42,30,30,5,0,1,1,0,0,0,1,0,0,0,하위스플릿,상위스플릿,강등위기,상위권,1,5,5,1,1,0
183,2022-09-10,16:30,31,1,성남,강원,0,4,탄천 종합,탄천 종합 운동장,1609,FE,Y,skySports,토,박병진,맑음,25.2,41,0,Saturday,1,9,하반기,12,7,24,39,30,30,5,0,0,1,1,1,0,1,0,0,0,하위스플릿,하위스플릿,강등권,중위권,0,6,9,2,3,-3
184,2022-09-10,19:00,31,1,서울,수원FC,2,2,서울 월드컵,서울 월드컵 경기장,10265,FE,Y,skySports,토,채상협,맑음,25,54,1,Saturday,1,9,하반기,8,7,37,40,30,30,1,0,0,1,1,0,0,0,0,0,0,하위스플릿,하위스플릿,중위권,중위권,0,7,7,2,2,0
185,2022-09-11,16:30,31,1,울산,포항,1,2,울산 문수,울산 문수 축구경기장,11345,FE,Y,skySports,일,김용우,흐림,27,65,1,Sunday,1,9,하반기,1,3,62,48,30,30,2,1,1,0,0,0,0,0,0,1,0,상위스플릿,상위스플릿,ACL권,상위권,0,10,5,3,1,5
186,2022-09-11,19:00,31,1,수원,인천,3,3,수원 월드컵,수원 월드컵 경기장,8491,FE,Y,JTBC G&S,일,김대용,흐림,24.5,67,0,Sunday,1,9,하반기,9,4,33,47,30,30,5,0,1,1,0,0,0,0,0,0,0,하위스플릿,상위스플릿,중위권,상위권,1,9,10,3,3,-1
187,2022-09-13,19:00,32,1,수원FC,김천,2,1,수원 종합,수원 종합 운동장,1369,FE,Y,JTBC G&S,화,김우성,흐림,26,70,0,Tuesday,0,9,하반기,7,11,41,31,31,31,4,0,0,1,1,0,0,0,1,0,0,하위스플릿,하위스플릿,중위권,강등위기,0,8,5,2,1,3
188,2022-09-13,19:30,32,1,제주,대구,2,2,제주 월드컵,제주 월드컵 경기장,1512,FE,Y,skySports,화,송민석,비,23.5,99,0,Tuesday,0,9,하반기,5,11,45,31,31,31,6,1,0,0,1,0,0,0,1,0,0,상위스플릿,하위스플릿,상위권,강등위기,1,5,4,1,1,1
189,2022-09-13,19:30,32,1,서울,강원,1,0,서울 월드컵,서울 월드컵 경기장,5349,FE,Y,NAVER TV//KAKAO TV//AFREECA TV,화,신용준,흐림,24.8,71,0,Tuesday,0,9,하반기,8,6,38,42,31,31,2,0,1,1,0,0,0,0,0,0,0,하위스플릿,상위스플릿,중위권,상위권,1,5,9,1,3,-4
190,2022-09-14,19:00,32,1,전북,성남,1,0,전주 월드컵,전주 월드컵 경기장,3334,FE,Y,skySports,수,고형진,맑음,28,48,0,Wednesday,0,9,하반기,2,12,55,24,31,31,10,1,0,0,1,0,1,0,1,1,0,상위스플릿,하위스플릿,ACL권,강등권,1,6,6,1,2,0
191,2022-09-14,19:00,32,1,인천,울산,0,0,인천 전용,인천 축구 전용경기장,4472,FE,Y,JTBC G&S,수,정동식,맑음,24,50,0,Wednesday,0,9,하반기,4,1,48,62,31,31,3,1,1,0,0,0,0,0,0,0,1,상위스플릿,상위스플릿,상위권,ACL권,0,8,7,2,2,1
192,2022-09-14,19:30,32,1,수원,포항,0,2,수원 월드컵,수원 월드컵 경기장,2768,FE,Y,IB SPORTS,수,김동진,맑음,26.4,44,0,Wednesday,0,9,하반기,9,3,34,51,31,31,6,0,1,1,0,0,0,0,0,0,0,하위스플릿,상위스플릿,중위권,상위권,1,7,8,2,2,-1
193,2022-09-18,15:00,33,1,울산,수원FC,2,0,울산 문수,울산 문수 축구경기장,15161,FE,Y,MBC//skySports,일,박병진,흐림,28,73,0,Sunday,1,9,하반기,1,6,63,44,32,32,5,1,1,0,0,0,0,0,0,1,0,상위스플릿,상위스플릿,ACL권,상위권,0,5,8,1,2,-3
194,2022-09-18,15:00,33,1,대구,서울,3,0,DGB대구은행파크,DGB대구은행파크,9330,FE,Y,IB SPORTS,일,고형진,흐림,29.6,60,0,Sunday,1,9,하반기,10,8,32,41,32,32,2,0,0,1,1,0,0,1,0,0,0,하위스플릿,하위스플릿,강등위기,중위권,0,5,5,1,1,0
195,2022-09-18,15:00,33,1,수원,전북,2,3,수원 월드컵,수원 월드컵 경기장,10018,FE,Y,JTBC G&S,일,정동식,맑음,31.9,55,1,Sunday,1,9,하반기,10,2,34,58,32,32,8,0,1,1,0,0,0,1,0,0,1,하위스플릿,상위스플릿,강등위기,ACL권,1,4,9,1,2,-5
196,2022-09-18,15:00,33,1,성남,포항,1,1,탄천 종합,탄천 종합 운동장,1876,FE,Y,NAVER TV//KAKAO TV//AFREECA TV,일,김대용,맑음,30,59,0,Sunday,1,9,하반기,12,3,24,54,32,32,9,0,1,1,0,1,0,1,0,0,0,하위스플릿,상위스플릿,강등권,상위권,1,6,10,2,3,-4
197,2022-09-18,15:00,33,1,강원,제주,2,1,춘천 송암,춘천 송암 스포츠타운,3344,FE,Y,KBS1,일,이동준,흐림,28.1,76,0,Sunday,1,9,하반기,7,5,42,46,32,32,2,0,1,1,0,0,0,0,0,0,0,하위스플릿,상위스플릿,중위권,상위권,1,9,6,3,1,3
198,2022-09-18,15:00,33,1,김천,인천,1,0,김천 종합,김천 종합 운동장,1260,FE,Y,NAVER TV//KAKAO TV//AFREECA TV,일,신용준,흐림,28.3,76,0,Sunday,1,9,하반기,11,4,31,49,32,32,7,0,1,1,0,0,0,1,0,0,0,하위스플릿,상위스플릿,강등위기,상위권,1,5,8,1,2,-3
199,2022-10-01,14:00,34,1,서울,대구,2,3,서울 월드컵,서울 월드컵 경기장,7805,FE,Y,SBS//skySports,토,이동준,맑음,25.4,43,0,Saturday,1,10,하반기,8,9,41,35,33,33,1,0,0,1,1,0,0,0,0,0,0,하위스플릿,하위스플릿,중위권,중위권,0,5,7,1,2,-2
200,2022-10-01,16:30,34,1,인천,울산,0,3,인천 전용,인천 축구 전용경기장,9251,FE,Y,JTBC G&S,토,김동진,흐림,22.2,55,0,Saturday,1,10,하반기,4,1,49,66,33,33,3,1,1,0,0,0,0,0,0,0,1,상위스플릿,상위스플릿,상위권,ACL권,0,5,7,1,2,-2
201,2022-10-01,19:00,34,1,전북,포항,3,1,전주 월드컵,전주 월드컵 경기장,7808,FE,Y,JTBC G&S,토,김종혁,맑음,26,51,0,Saturday,1,10,하반기,2,3,61,55,33,33,1,1,1,0,0,0,0,0,0,1,0,상위스플릿,상위스플릿,ACL권,상위권,0,11,10,3,3,1
202,2022-10-02,14:00,34,1,제주,강원,1,2,제주 월드컵,제주 월드컵 경기장,3143,FE,Y,skySports,일,박병진,흐림,23.5,77,0,Sunday,1,10,하반기,5,6,46,45,33,33,1,1,1,0,0,0,0,0,0,0,0,상위스플릿,상위스플릿,상위권,상위권,0,5,9,1,3,-4
203,2022-10-02,16:30,34,1,수원FC,김천,2,2,수원 종합,수원 종합 운동장,2319,FE,Y,IB SPORTS,일,김용우,흐림,23,58,0,Sunday,1,10,하반기,7,10,44,34,33,33,3,0,0,1,1,0,0,0,1,0,0,하위스플릿,하위스플릿,중위권,강등위기,0,8,7,2,2,1
204,2022-10-03,14:00,34,1,성남,수원,0,2,탄천 종합,탄천 종합 운동장,3024,FE,Y,JTBC G&S,월,송민석,비,19.9,95,1,Monday,0,10,하반기,12,11,25,34,33,33,1,0,0,1,1,1,0,1,1,0,0,하위스플릿,하위스플릿,강등권,강등위기,0,4,4,1,1,0
205,2022-10-08,14:00,35,1,포항,제주,1,2,포항 스틸야드,포항 스틸야드,4304,FE,Y,skySports,토,고형진,맑음,19,54,0,Saturday,1,10,하반기,3,6,55,46,34,34,3,1,1,0,0,0,0,0,0,0,0,상위스플릿,상위스플릿,상위권,상위권,0,7,4,2,1,3
206,2022-10-08,16:30,35,1,울산,전북,2,1,울산 문수,울산 문수 축구경기장,20051,FE,Y,skySports,토,이동준,맑음,18.7,52,1,Saturday,1,10,하반기,1,2,69,64,34,34,1,1,1,0,0,0,0,0,0,1,1,상위스플릿,상위스플릿,ACL권,ACL권,0,10,13,3,4,-3
207,2022-10-08,19:00,35,1,강원,인천,0,0,춘천 송암,춘천 송암 스포츠타운,3751,FE,Y,JTBC G&S,토,김대용,맑음,20.5,46,0,Saturday,1,10,하반기,6,5,48,49,34,34,1,1,1,0,0,0,0,0,0,0,0,상위스플릿,상위스플릿,상위권,상위권,0,9,5,3,1,4
208,2022-10-09,14:00,35,1,수원,서울,0,0,수원 월드컵,수원 월드컵 경기장,10818,FE,Y,JTBC G&S,일,김종혁,비,13.9,88,1,Sunday,1,10,하반기,10,8,37,41,34,34,2,0,0,1,1,0,0,1,0,0,0,하위스플릿,하위스플릿,강등위기,중위권,0,4,5,1,1,-1
209,2022-10-09,16:30,35,1,김천,성남,1,1,김천 종합,김천 종합 운동장,674,FE,Y,IB SPORTS,일,신용준,흐리고 비,13.6,93,0,Sunday,1,10,하반기,11,12,35,25,34,34,1,0,0,1,1,0,1,1,1,0,0,하위스플릿,하위스플릿,강등위기,강등권,0,7,1,2,0,6
210,2022-10-09,19:00,35,1,대구,수원FC,2,1,DGB대구은행파크,DGB대구은행파크,8097,FE,Y,skySports,일,정동식,흐리고 비,15.4,80,0,Sunday,1,10,하반기,9,7,38,45,34,34,2,0,0,1,1,0,0,0,0,0,0,하위스플릿,하위스플릿,중위권,중위권,0,10,8,3,2,2
211,2022-10-11,15:00,36,1,포항,울산,1,1,포항 스틸야드,포항 스틸야드,3376,FE,Y,skySports,화,정동식,맑음,15,44,1,Tuesday,0,10,하반기,3,1,55,72,35,35,2,1,1,0,0,0,0,0,0,0,1,상위스플릿,상위스플릿,상위권,ACL권,0,7,10,2,3,-3
212,2022-10-11,19:30,36,1,전북,강원,1,0,전주 월드컵,전주 월드컵 경기장,3113,FE,Y,JTBC G&S,화,고형진,맑음,15,64,0,Tuesday,0,10,하반기,2,6,64,49,35,35,4,1,1,0,0,0,0,0,0,1,0,상위스플릿,상위스플릿,ACL권,상위권,0,12,10,4,3,2
213,2022-10-11,19:30,36,1,인천,제주,3,1,인천 전용,인천 축구 전용경기장,2970,FE,Y,IB SPORTS,화,송민석,맑음,15.2,51,0,Tuesday,0,10,하반기,4,5,50,49,35,35,1,1,1,0,0,0,0,0,0,0,0,상위스플릿,상위스플릿,상위권,상위권,0,3,7,0,2,-4
214,2022-10-12,19:30,36,1,수원FC,성남,2,1,수원 종합,수원 종합 운동장,1146,FE,Y,NAVER TV//KAKAO TV//AFREECA TV,수,채상협,맑음,18.3,53,1,Wednesday,0,10,하반기,7,12,45,26,35,35,5,0,0,1,1,0,1,0,1,0,0,하위스플릿,하위스플릿,중위권,강등권,0,5,2,1,0,3
215,2022-10-12,19:30,36,1,서울,김천,1,1,서울 월드컵,서울 월드컵 경기장,4318,FE,Y,JTBC G&S,수,박병진,맑음,15.1,62,0,Wednesday,0,10,하반기,8,11,42,36,35,35,3,0,0,1,1,0,0,0,1,0,0,하위스플릿,하위스플릿,중위권,강등위기,0,5,5,1,1,0
216,2022-10-12,19:30,36,1,수원,대구,1,2,수원 월드컵,수원 월드컵 경기장,3093,FE,Y,skySports,수,김대용,맑음,18.3,53,0,Wednesday,0,10,하반기,10,9,38,41,35,35,1,0,0,1,1,0,0,1,0,0,0,하위스플릿,하위스플릿,강등위기,중위권,0,5,10,1,3,-5
219,2022-10-16,16:30,37,1,제주,전북,1,2,제주 월드컵,제주 월드컵 경기장,6052,FE,Y,skySports,일,정동식,흐림,21.7,67,0,Sunday,1,10,하반기,5,2,49,67,36,36,3,1,1,0,0,0,0,0,0,0,1,상위스플릿,상위스플릿,상위권,ACL권,0,4,12,1,4,-8
218,2022-10-16,14:00,37,1,수원,수원FC,3,0,수원 월드컵,수원 월드컵 경기장,9227,FE,Y,skySports,일,이동준,흐림,19.6,70,1,Sunday,1,10,하반기,11,7,38,48,36,36,4,0,0,1,1,0,0,1,0,0,0,하위스플릿,하위스플릿,강등위기,중위권,0,4,7,1,2,-3
217,2022-10-16,14:00,37,1,강원,울산,1,2,춘천 송암,춘천 송암 스포츠타운,4433,FE,Y,IB SPORTS,일,김용우,흐림,17,78,0,Sunday,1,10,하반기,6,1,49,73,36,36,5,1,1,0,0,0,0,0,0,0,1,상위스플릿,상위스플릿,상위권,ACL권,0,7,11,2,3,-4
222,2022-10-16,19:00,37,1,서울,성남,0,1,서울 월드컵,서울 월드컵 경기장,7282,FE,Y,JTBC G&S,일,신용준,흐림,16.9,76,0,Sunday,1,10,하반기,9,12,43,26,36,36,3,0,0,1,1,0,1,0,1,0,0,하위스플릿,하위스플릿,중위권,강등권,0,5,2,1,0,3
221,2022-10-16,19:00,37,1,인천,포항,1,1,인천 전용,인천 축구 전용경기장,7592,FE,Y,skySports,일,김종혁,흐림,18,66,0,Sunday,1,10,하반기,4,3,53,56,36,36,1,1,1,0,0,0,0,0,0,0,0,상위스플릿,상위스플릿,상위권,상위권,0,5,5,1,1,0
220,2022-10-16,16:30,37,1,대구,김천,1,1,DGB대구은행파크,DGB대구은행파크,9711,FE,Y,NAVER TV//KAKAO TV//AFREECA TV,일,고형진,맑음,25.4,45,0,Sunday,1,10,하반기,8,11,44,37,36,36,3,0,0,1,1,0,0,0,1,0,0,하위스플릿,하위스플릿,중위권,강등위기,0,13,6,4,1,7
223,2022-10-22,15:00,38,1,수원FC,서울,0,2,수원 종합,수원 종합 운동장,6452,FE,Y,JTBC G&S,토,김종혁,맑음,19.8,49,1,Saturday,1,10,하반기,7,9,48,43,37,37,2,0,0,1,1,0,0,0,0,0,0,하위스플릿,하위스플릿,중위권,중위권,0,4,2,1,0,2
224,2022-10-22,15:00,38,1,김천,수원,1,3,김천 종합,김천 종합 운동장,2460,FE,Y,skySports,토,김동진,맑음,21.5,39,0,Saturday,1,10,하반기,11,10,38,41,37,37,1,0,0,1,1,0,0,1,1,0,0,하위스플릿,하위스플릿,강등위기,강등위기,0,7,7,1,2,0
225,2022-10-22,15:00,38,1,성남,대구,4,4,탄천 종합,탄천 종합 운동장,1974,FE,Y,NAVER TV//KAKAO TV//AFREECA TV,토,최현재,맑음,18.4,46,0,Saturday,1,10,하반기,12,9,29,45,37,37,3,0,0,1,1,1,0,1,0,0,0,하위스플릿,하위스플릿,강등권,중위권,0,5,13,1,4,-8
226,2022-10-23,15:00,38,1,울산,제주,1,2,울산 문수,울산 문수 축구경기장,23817,FE,Y,JTBC G&S,일,고형진,맑음,20.3,42,0,Sunday,1,10,하반기,1,5,76,49,37,37,4,1,1,0,0,0,0,0,0,1,0,상위스플릿,상위스플릿,ACL권,상위권,0,13,3,4,1,10
227,2022-10-23,15:00,38,1,전북,인천,2,1,전주 월드컵,전주 월드컵 경기장,7271,FE,Y,skySports,일,박병진,맑음,18,50,0,Sunday,1,10,하반기,2,4,70,54,37,37,2,1,1,0,0,0,0,0,0,1,0,상위스플릿,상위스플릿,ACL권,상위권,0,12,5,4,1,7
228,2022-10-23,15:00,38,1,포항,강원,1,0,포항 스틸야드,포항 스틸야드,7764,FE,Y,IB SPORTS,일,이동준,맑음,20,67,0,Sunday,1,10,하반기,3,6,57,49,37,37,3,1,1,0,0,0,0,0,0,0,0,상위스플릿,상위스플릿,상위권,상위권,0,3,7,0,2,-4
1,2022-10-26,19:30,1,3,대전,김천,2,1,대전 월드컵,대전 월드컵 경기장,8545,FE,Y,skySports,수,이동준,맑음,14.2,52,0,Wednesday,0,10,하반기,13,11,0,38,0,38,2,0,0,1,1,0,0,1,1,0,0,하위스플릿,하위스플릿,강등권,강등위기,0,0,4,0,0,-4
2,2022-10-26,19:30,1,3,안양,수원,0,0,안양 종합,안양 종합 운동장,4863,FE,Y,JTBC G&S,수,김종혁,맑음,15.6,43,1,Wednesday,0,10,하반기,14,10,0,44,0,38,4,0,0,1,1,0,0,1,1,0,0,하위스플릿,하위스플릿,강등권,강등위기,0,0,10,0,3,-10
3,2022-10-29,14:00,2,3,수원,안양,2,1,수원 월드컵,수원 월드컵 경기장,12842,FE,Y,JTBC G&S,토,이동준,맑음,19,45,1,Saturday,1,10,하반기,10,14,45,1,39,1,4,0,0,1,1,0,0,1,1,0,0,하위스플릿,하위스플릿,강등위기,강등권,0,8,1,2,0,7
4,2022-10-29,14:00,2,3,김천,대전,0,4,김천 종합,김천 종합 운동장,2918,FE,Y,skySports,토,김종혁,맑음,18,50,0,Saturday,1,10,하반기,11,13,38,3,39,1,2,0,0,1,1,0,0,1,1,0,0,하위스플릿,하위스플릿,강등위기,강등권,0,3,3,0,1,0
